CNV_LCM,CNV score,TMB,LCM_ROI,APC status,KRAS status,TP53 status,BRAF status,Patient,CIN status,Tumor type,PPT,TMB_norm,CNV_norm,CIN index
HTA11_07862 1A,0.009497996,72,HTA11_07862_1A,WT,WT,WT,WT,HTA11_07862,TA/TVA,TA/TVA,0,0.033660589,0,-0.033660589
PAT74143 ROI1 1A,0.011681361,209,PAT74143_ROI1,APC mut.,WT,WT,WT,PAT74143,CIN+,MSS,0.022131599,0.09770921,0.022131599,-0.075577611
PAT74143 ROI2 1A,0.016293007,292,PAT74143_ROI2,WT,WT,WT,BRAF mut.,PAT74143,CIN+,MSS,0.068877379,0.136512389,0.068877379,-0.06763501
PAT74143 ROI4 1A,0.018171299,386,PAT74143_ROI4,APC mut.,WT,WT,WT,PAT74143,CIN+,MSS,0.087916616,0.180458158,0.087916616,-0.092541542
PAT74143 ROI3 1A,0.018364801,234,PAT74143_ROI3,APC mut.,WT,WT,WT,PAT74143,CIN+,MSS,0.089878042,0.109396914,0.089878042,-0.019518872
HTA11_07862 1B,0.019536298,72,HTA11_07862_1B,WT,WT,WT,WT,HTA11_07862,TA/TVA,TA/TVA,0.101752878,0.033660589,0.101752878,0.068092289
HTA11_10711 1,0.020307292,572,HTA11_10711_1,APC mut.,WT,WT,WT,HTA11_10711,TA/TVA,TA/TVA,0.109568031,0.26741468,0.109568031,-0.157846649
SG00004 ROI4 1,0.025408183,196,SG00004_ROI4,WT,WT,WT,WT,SG00004,CIN+,MSS,0.161273024,0.091631604,0.161273024,0.069641421
SG00004 ROI3 1,0.025411544,51,SG00004_ROI3,WT,WT,WT,WT,SG00004,CIN+,MSS,0.161307093,0.023842917,0.161307093,0.137464176
PAT06439 ROI1 2,0.027068204,38,PAT06439_ROI1,WT,WT,WT,WT,PAT06439,CIN+,MSS,0.178099766,0.017765311,0.178099766,0.160334455
PAT06439 ROI2 1,0.028649997,25,PAT06439_ROI2,WT,WT,WT,WT,PAT06439,CIN+,MSS,0.194133552,0.011687705,0.194133552,0.182445848
PAT06439 ROI3 1,0.028649997,26,PAT06439_ROI3,WT,WT,WT,WT,PAT06439,CIN+,MSS,0.194133552,0.012155213,0.194133552,0.18197834
SR00001 1,0.028867838,0,SR00001_1,WT,WT,WT,WT,SR00001,NL,NL,0.19634169,0,0.19634169,0.19634169
PAT71397 ROI4 1,0.031962153,116,PAT71397_ROI4,APC mut.,KRAS mut.,WT,WT,PAT71397,TA/TVA,TA/TVA,0.2277071,0.054230949,0.2277071,0.173476151
PAT71397 ROI2 1,0.031962153,126,PAT71397_ROI2,APC mut.,KRAS mut.,WT,WT,PAT71397,TA/TVA,TA/TVA,0.2277071,0.058906031,0.2277071,0.168801069
SR00001 2,0.032504172,0,SR00001_2,WT,WT,WT,WT,SR00001,NL,NL,0.233201255,0,0.233201255,0.233201255
PAT59600 ROI2 1,0.04033357,83,PAT59600_ROI2,APC mut.,WT,WT,WT,PAT59600,CIN+,MSS,0.31256366,0.038803179,0.31256366,0.27376048
PAT59667 ROI3 1,0.041862239,94,PAT59667_ROI3,APC mut.,KRAS mut.,WT,WT,PAT59667,CIN+,MSS,0.328058957,0.043945769,0.328058957,0.284113187
PAT59600 ROI3 1,0.042081745,82,PAT59600_ROI3,APC mut.,WT,WT,WT,PAT59600,CIN+,MSS,0.330283971,0.038335671,0.330283971,0.2919483
PAT59600 ROI2 2,0.04313496,83,PAT59600_ROI2,APC mut.,WT,WT,WT,PAT59600,CIN+,MSS,0.340959846,0.038803179,0.340959846,0.302156667
PAT59600 ROI1 1,0.044262071,74,PAT59600_ROI1,APC mut.,WT,WT,WT,PAT59600,CIN+,MSS,0.352384765,0.034595605,0.352384765,0.31778916
SG00004 ROI2 2,0.047514895,48,SG00004_ROI2,WT,WT,WT,WT,SG00004,CIN+,MSS,0.385356896,0.022440393,0.385356896,0.362916503
PAT30884 ROI3 1,0.048696444,117,PAT30884_ROI3,APC mut.,WT,TP53 mut.,WT,PAT30884,CIN+,MSS,0.397333624,0.054698457,0.397333624,0.342635166
SG00001 ROI3 3,0.052811701,20,SG00001_ROI3,WT,WT,WT,WT,SG00001,CIN+,MSI-H,0.439047775,0.009350164,0.439047775,0.429697611
PAT73458 ROI2 1,0.054197785,344,PAT73458_ROI2,WT,WT,WT,WT,PAT73458,CIN+,MSI-H,0.453097764,0.160822814,0.453097764,0.29227495
PAT71662 ROI1 1,0.058718933,298,PAT71662_ROI1,APC mut.,KRAS mut.,TP53 mut.,WT,PAT71662,CIN+,MSS,0.498926214,0.139317438,0.498926214,0.359608776
SG00004 ROI1 2,0.060477091,65,SG00004_ROI1,WT,WT,WT,WT,SG00004,CIN+,MSS,0.516747718,0.030388032,0.516747718,0.486359686
PAT30884 ROI4 2,0.063320491,130,PAT30884_ROI4,APC mut.,WT,TP53 mut.,WT,PAT30884,CIN+,MSS,0.545569737,0.060776064,0.545569737,0.484793674
PAT73899 ROI4 1A,0.063556688,202,PAT73899_ROI4,APC mut.,WT,TP53 mut.,WT,PAT73899,CIN+,MSS,0.547963939,0.094436653,0.547963939,0.453527287
PAT71662 ROI4 1,0.065189195,347,PAT71662_ROI4,APC mut.,KRAS mut.,WT,WT,PAT71662,CIN+,MSS,0.564511786,0.162225339,0.564511786,0.402286447
PAT05785 ROI3 1A,0.065197879,423,PAT05785_ROI3,APC mut.,WT,TP53 mut.,WT,PAT05785,CIN+,MSS,0.564599811,0.197755961,0.564599811,0.366843851
SG00003 ROI1 1,0.065677211,1087,SG00003_ROI1,APC mut.,WT,WT,WT,SG00003,CIN+,MSS,0.569458543,0.508181393,0.569458543,0.061277149
SG00003 ROI4 1,0.065677211,701,SG00003_ROI4,APC mut.,KRAS mut.,WT,WT,SG00003,CIN+,MSS,0.569458543,0.327723235,0.569458543,0.241735307
SG00003 ROI2 2,0.067175436,521,SG00003_ROI2,APC mut.,KRAS mut.,WT,WT,SG00003,CIN+,MSS,0.584645245,0.243571763,0.584645245,0.341073483
SG00003 ROI3 2,0.067175436,718,SG00003_ROI3,APC mut.,KRAS mut.,WT,WT,SG00003,CIN+,MSS,0.584645245,0.335670874,0.584645245,0.248974371
SG00002 ROI3 1,0.070392982,11,SG00002_ROI3,WT,WT,WT,WT,SG00002,CIN+,MSI-H,0.617259782,0.00514259,0.617259782,0.612117192
PAT30884 ROI1 3,0.071836219,89,PAT30884_ROI1,APC mut.,WT,TP53 mut.,WT,PAT30884,CIN+,MSS,0.6318891,0.041608228,0.6318891,0.590280872
PAT30884 ROI2 3,0.071836219,132,PAT30884_ROI2,APC mut.,WT,TP53 mut.,WT,PAT30884,CIN+,MSS,0.6318891,0.06171108,0.6318891,0.57017802
PAT59667 ROI2 1,0.072454285,108,PAT59667_ROI2,APC mut.,KRAS mut.,TP53 mut.,WT,PAT59667,CIN+,MSS,0.638154103,0.050490884,0.638154103,0.58766322
PAT73458 ROI1 1,0.073511415,866,PAT73458_ROI1,WT,WT,WT,WT,PAT73458,CIN+,MSI-H,0.648869663,0.404862085,0.648869663,0.244007578
PAT71662 ROI2 1,0.074498258,334,PAT71662_ROI2,APC mut.,WT,TP53 mut.,WT,PAT71662,CIN+,MSS,0.65887276,0.156147733,0.65887276,0.502725028
PAT59667 ROI1 1,0.074846051,105,PAT59667_ROI1,APC mut.,KRAS mut.,TP53 mut.,WT,PAT59667,CIN+,MSS,0.662398151,0.049088359,0.662398151,0.613309792
SG00001 ROI4 3,0.077386082,641,SG00001_ROI4,WT,WT,WT,BRAF mut.,SG00001,CIN+,MSI-H,0.688145082,0.299672744,0.688145082,0.388472338
PAT71397 ROI7 2,0.083223263,120,PAT71397_ROI7,APC mut.,KRAS mut.,TP53 mut.,WT,PAT71397,CIN+,MSS,0.747313452,0.056100982,0.747313452,0.69121247
PAT71397 ROI5 2,0.084130116,293,PAT71397_ROI5,APC mut.,WT,WT,WT,PAT71397,CIN+,MSS,0.756505734,0.136979897,0.756505734,0.619525837
PAT05785 ROI2 1B,0.084803175,364,PAT05785_ROI2,APC mut.,WT,WT,WT,PAT05785,CIN+,MSS,0.763328172,0.170172978,0.763328172,0.593155194
PAT71662 ROI3 1,0.085386547,376,PAT71662_ROI3,APC mut.,WT,TP53 mut.,WT,PAT71662,CIN+,MSS,0.769241501,0.175783076,0.769241501,0.593458424
PAT73458 ROI4 1,0.086642766,31,PAT73458_ROI4,WT,WT,WT,WT,PAT73458,CIN+,MSI-H,0.781975118,0.014492754,0.781975118,0.767482365
PAT73899 ROI1 1B,0.087094061,230,PAT73899_ROI1,APC mut.,WT,TP53 mut.,WT,PAT73899,CIN+,MSS,0.786549653,0.107526882,0.786549653,0.679022772
PAT73899 ROI2 1B,0.087094061,286,PAT73899_ROI2,APC mut.,WT,TP53 mut.,WT,PAT73899,CIN+,MSS,0.786549653,0.13370734,0.786549653,0.652842313
SG00002 ROI1 1,0.088176788,34,SG00002_ROI1,WT,WT,WT,WT,SG00002,CIN+,MSI-H,0.797524676,0.015895278,0.797524676,0.781629398
PAT73899 ROI3 2,0.093548123,173,PAT73899_ROI3,APC mut.,WT,TP53 mut.,WT,PAT73899,CIN+,MSS,0.851971015,0.080878915,0.851971015,0.7710921
PAT71397 ROI8 3,0.098405283,628,PAT71397_ROI8,APC mut.,KRAS mut.,TP53 mut.,WT,PAT71397,CIN+,MSS,0.901205438,0.293595138,0.901205438,0.6076103
PAT71397 ROI6 2,0.09865374,156,PAT71397_ROI6,APC mut.,KRAS mut.,TP53 mut.,WT,PAT71397,CIN+,MSS,0.903723914,0.072931276,0.903723914,0.830792637
PAT40364 ROI3 2,0.048666052,11,PAT40364_ROI3,WT,WT,WT,WT,PAT40364,HM,MSI-H,0.00514259,0.00514259,0.397025556,0.391882966
PAT01587 ROI3 1A,0.016907004,46,PAT01587_ROI3,WT,WT,WT,WT,PAT01587,HM,MSI-H,0.021505376,0.021505376,0.075101137,0.05359576
HTA11_08622_B 1,0.055015326,54,HTA11_08622_B_1,WT,WT,WT,BRAF mut.,HTA11_08622_B,SSL/HP,SSL/HP,0.025245442,0.025245442,0.461384738,0.436139296
PAT01587 ROI1 1B,0.032924774,118,PAT01587_ROI1,WT,WT,TP53 mut.,BRAF mut.,PAT01587,HM,MSI-H,0.055165965,0.055165965,0.237464672,0.182298706
PAT01587 ROI2 1A,0.017215845,179,PAT01587_ROI2,WT,WT,TP53 mut.,BRAF mut.,PAT01587,HM,MSI-H,0.083683964,0.083683964,0.078231692,-0.005452272
PAT59460 ROI1 1B,0.045477052,190,PAT59460_ROI1,WT,WT,WT,WT,PAT59460,HM,MSI-H,0.088826554,0.088826554,0.364700375,0.275873821
HTA11_07663 1B,0.038538207,251,HTA11_07663_1B,WT,WT,WT,WT,HTA11_07663,SSL/HP,SSL/HP,0.117344554,0.117344554,0.294365029,0.177020475
HTA11_07663 1A,0.030173551,251,HTA11_07663_1A,WT,WT,WT,WT,HTA11_07663,SSL/HP,SSL/HP,0.117344554,0.117344554,0.209577001,0.092232448
HTA11_08622_A 1,0.055015326,328,HTA11_08622_A_1,WT,WT,WT,BRAF mut.,HTA11_08622_A,SSL/HP,SSL/HP,0.153342683,0.153342683,0.461384738,0.308042055
PAT59460 ROI3 1A,0.01225877,367,PAT59460_ROI3,WT,WT,WT,WT,PAT59460,HM,MSI-H,0.171575503,0.171575503,0.027984484,-0.143591019
PAT33430 ROI1 1A,0.033442791,420,PAT33430_ROI1,WT,WT,WT,WT,PAT33430,HM,MSI-H,0.196353436,0.196353436,0.242715532,0.046362096
PAT59460 ROI2 1B,0.05700755,438,PAT59460_ROI2,WT,WT,WT,WT,PAT59460,HM,MSI-H,0.204768583,0.204768583,0.481578843,0.27681026
PAT33430 ROI2 1A,0.034095125,590,PAT33430_ROI2,WT,WT,WT,WT,PAT33430,HM,MSI-H,0.275829827,0.275829827,0.249327892,-0.026501935
HTA11_06134 1,0.028561502,1042,HTA11_06134_1,WT,WT,WT,WT,HTA11_06134,SSL/HP,SSL/HP,0.487143525,0.487143525,0.193236526,-0.293906999
PAT54273 ROI3 2,0.023299406,1177,PAT54273_ROI3,APC mut.,WT,WT,WT,PAT54273,HM,MSI-H,0.550257129,0.550257129,0.139897484,-0.410359646
PAT54273 ROI1 2,0.040482305,1208,PAT54273_ROI1,APC mut.,WT,WT,WT,PAT54273,HM,MSI-H,0.564749883,0.564749883,0.314071306,-0.250678577
PAT54273 ROI2 2,0.035203212,1280,PAT54273_ROI2,APC mut.,WT,WT,WT,PAT54273,HM,MSI-H,0.598410472,0.598410472,0.260559975,-0.337850497
PAT73458 ROI3 1,0.069445257,1317,PAT73458_ROI3,WT,WT,WT,BRAF mut.,PAT73458,HM,MSI-H,0.607653202,0.615708275,0.607653202,-0.008055073
PAT40364 ROI1 1,0.013139101,1434,PAT40364_ROI1,APC mut.,WT,WT,BRAF mut.,PAT40364,HM,MSI-H,0.670406732,0.670406732,0.036907927,-0.633498805
PAT40364 ROI2 2,0.02846968,1501,PAT40364_ROI2,APC mut.,WT,WT,WT,PAT40364,HM,MSI-H,0.70172978,0.70172978,0.192305776,-0.509424005
PAT01586 ROI1 1,0.026059191,1580,PAT01586_ROI1,WT,WT,WT,WT,PAT01586,HM,MSI-H,0.738662927,0.738662927,0.167871943,-0.570790984
SG00001 ROI1 2,0.0522076,1760,SG00001_ROI1,APC mut.,WT,WT,BRAF mut.,SG00001,HM,MSI-H,0.822814399,0.822814399,0.432924327,-0.389890072
SG00002 ROI4 1,0.082256316,2020,SG00002_ROI4,WT,WT,WT,WT,SG00002,HM,MSI-H,0.737512029,0.944366526,0.737512029,-0.206854497
PAT00222 ROI4 1A,0.013932383,2048,PAT00222_ROI4,WT,WT,WT,WT,PAT00222,HM,MSI-H,0.957456755,0.957456755,0.044949,-0.912507755
PAT00222 ROI2 1B,0.02104829,2066,PAT00222_ROI2,WT,WT,WT,WT,PAT00222,HM,MSI-H,0.965871903,0.965871903,0.117079129,-0.848792773
PAT00222 ROI1 1A,0.013932383,2111,PAT00222_ROI1,WT,WT,WT,WT,PAT00222,HM,MSI-H,0.986909771,0.986909771,0.044949,-0.941960771
SG00001 ROI2 1,0.046578474,2139,SG00001_ROI2,WT,WT,TP53 mut.,BRAF mut.,SG00001,HM,MSI-H,1,1,0.375864899,-0.624135101